"words","class","group","rooms","comments"
"the | את","ARTICLE","1","",""
"a","ARTICLE","2","",""
"an","ARTICLE","3","",""
"el","ARTICLE","4","",""
"la","ARTICLE","5","",""
"los","ARTICLE","6","",""
"and | גם","CONJUNCTION","50","",""
"or | או | לחלופין","CONJUNCTION","51","",""
"nor","CONJUNCTION","52","",""
"if | אם","CONJUNCTION","54","",""
"but | אבל | אך","CONJUNCTION","55","",""
"it | זה","PRONOUN","100","",""
"this | זאת","PRONOUN","101","",""
"these | אלה | אלו","PRONOUN","102","",""
"that | ההוא | ההיא | אשר","PRONOUN","103","",""
"those | ההם | ההן","PRONOUN","104","",""
"them | אותם | אותן | להם","PRONOUN","105","",""
"themselves | עצמם | עצמן","PRONOUN","106","",""
"him | אותו | לו","PRONOUN","107","",""
"himself | בעצמו","PRONOUN","108","",""
"her | אותה | לה","PRONOUN","109","",""
"herself | בעצמה","PRONOUN","110","",""
"i | me | myself | אני | אותי","NOUN","111","",""
"he | הוא","NOUN","112","",""
"she | היא","NOUN","113","",""
"they | הם | הן","NOUN","114","",""
"ya | you | אתה | אתם | אתן | אותך","NOUN","115","",""
"yourself | בעצמך","NOUN","116","",""
"we | אנחנו | אנו","NOUN","117","",""
"us | אותנו | לנו","NOUN","118","",""
"ourselves | עצמנו","NOUN","119","",""
"until | עד","ASSOCIATION","150","",""
"while | בזמן | בעוד","ASSOCIATION","151","",""
"with | עם | באמצעות","ASSOCIATION","152","",""
"without | בלי | ללא","ASSOCIATION","153","",""
"for | עבור | בשביל | למען","ASSOCIATION","154","",""
"about | אודות | בערך | בקשר | על","ASSOCIATION","155","",""
"to | אל","PREPOSITION","200","",""
"from | מאת","PREPOSITION","201","",""
"at","PREPOSITION","202","",""
"on | upon","PREPOSITION","203","",""
"onto","PREPOSITION","204","",""
"off","PREPOSITION","205","",""
"in | inside | into | בתוך | פנימה | לתוך","PREPOSITION","206","",""
"out | outer | outside | מחוץ | החוצה | חיצוני","PREPOSITION","207","",""
"below | beneath | under | underneath | מתחת | תחת","PREPOSITION","208","",""
"between | בין | בתווך","PREPOSITION","209","",""
"across | לרוחב","PREPOSITION","210","",""
"above | over | מעל","PREPOSITION","211","",""
"through","PREPOSITION","212","",""
"behind | מאחורי | מאחור","PREPOSITION | NOUN","213","",""
"ahead | קדימה","PREPOSITION","214","",""
"back | חזרה","PREPOSITION | NOUN | IMPERATIVE_VERB","215","",""
"front | חזית","PREPOSITION","216","",""
"around | סביב | מסביב","PREPOSITION","217","",""
"here | כאן | פה","PREPOSITION","218","",""
"there","PREPOSITION","219","",""
"everywhere","PREPOSITION","220","",""
"nowhere","PREPOSITION","221","",""
"somewhere","PREPOSITION","222","",""
"forward | מקדימה","PREPOSITION","223","",""
"backward | אחורה | לאחור","PREPOSITION","224","",""
"toward | לעבר | כלפי","PREPOSITION","225","",""
"by | ליד","PREPOSITION","226","",""
"near | קרוב | סמוך","PREPOSITION","227","",""
"far | רחוק | מרוחק","PREPOSITION","228","",""
"of | של | מ","PREPOSITION","229","",""
"how | איך | כיצד","ADVERB","300","",""
"where | איפה | היכן","ADVERB","301","",""
"when | מתי | כאשר","ADVERB","302","",""
"why | למה | מדוע","ADVERB","303","",""
"what | מה | איזה","ADVERB","304","",""
"who | מי","ADVERB","305","",""
"soon | בקרוב | במהרה","ADVERB","306","",""
"sooner","ADVERB","307","",""
"soonest","ADVERB","308","",""
"now | עכשיו | כעת","ADVERB","309","",""
"late | מאוחר","ADVERB","310","",""
"later","ADVERB","311","",""
"latest | האחרון","ADVERB","312","",""
"fast | quick | quickly | speedy | מהיר | במהירות | זריז","ADVERB","313","",""
"slow | slowly | sluggishly | איטי | לאט | באיטיות","ADVERB","314","",""
"normal | רגיל | נורמלי","ADVERB","315","",""
"abnormal | strange | חריג","ADVERB","316","",""
"so | לכן | כך","ADVERB","317","",""
"again | שוב | מחדש","ADVERB","318","",""
"always | תמיד","ADVERB","319","",""
"never | לעולם","ADVERB","320","",""
"then | אז","ADVERB","321","",""
"up | למעלה | מעלה","ADVERB","322","",""
"down | למטה","ADVERB","323","",""
"together | יחד | ביחד | במשותף","ADVERB","324","",""
"please | בבקשה | אנא","ADVERB","325","",""
"away | הרחק | הלאה","ADVERB","326","",""
"along | לאורך","ADVERB","327","",""
"overboard | מופרז","ADVERB","328","",""
"not | אינו","ADVERB","329","",""
"almost | כמעט | בקירוב","ADVERB","330","",""
"affirmative | aye | certainly | ok | roger | sure | y | yep | yes | כן | בהחלט | בטח","ADVERB | NOUN","331","",""
"n | nay | negative | no | nope | לא | שלילה | מסרב","ADVERB","332","",""
"dunno | maybe | possibly | probably | אולי | ייתכן | כנראה","ADVERB","333","",""
"do | בצע","INDICATIVE_VERB","400","",""
"did | עשו | עשית","INDICATIVE_VERB","401","",""
"does | עושה | תעשה","NOUN | INDICATIVE_VERB","402","",""
"be | להיות | תהיה","INDICATIVE_VERB","403","",""
"are | is | wheres | youre","INDICATIVE_VERB","404","",""
"am | im | הנני","INDICATIVE_VERB","405","",""
"was | היה | הייתה | הייתי","INDICATIVE_VERB","407","",""
"can | יכול | מסוגל | פחית","NOUN | INDICATIVE_VERB","408","",""
"will | ירצה | עתיד | רצון","NOUN | INDICATIVE_VERB","409","",""
"would","INDICATIVE_VERB","410","",""
"go | לך | תלך","INDICATIVE_VERB","411","",""
"cease | stop | לחדול | להפסיק | עצור","INDICATIVE_VERB","412","",""
"begin | start | להתחיל | התחל","INDICATIVE_VERB","413","",""
"say | לומר | תגיד | להגיד","INDICATIVE_VERB","414","",""
"says | אומר | אומרת","INDICATIVE_VERB","415","",""
"said | אמר | אמרה | נאמר","INDICATIVE_VERB","416","",""
"have | יש | לקיים","INDICATIVE_VERB","417","",""
"has","INDICATIVE_VERB","418","",""
"had","INDICATIVE_VERB","419","",""
"tell | לספר | אמור","INDICATIVE_VERB","420","",""
"use | להשתמש | שימוש | לנצל | מרח | למרוח","INDICATIVE_VERB","421","",""
"holler | scream | shout | yell | לצעוק | צעקה","INDICATIVE_VERB","422","",""
"white | לבן | צחור | בהיר","ADJECTIVE","500","",""
"black | שחור | כהה","ADJECTIVE","501","",""
"yellow | צהוב | בהיריון","ADJECTIVE","502","",""
"magenta | purple | violet | מגנטה | סגול | ארגמן","ADJECTIVE","503","",""
"blue | כחול | תכלת | שמימי","ADJECTIVE","504","",""
"brown | חום | שחמחם","ADJECTIVE","505","",""
"pink | ורוד | ורודה","ADJECTIVE","506","",""
"green | ירוק | ירקרק | ירוקה","NOUN","507","",""
"gray | grey | אפור | מאפיר","ADJECTIVE","508","",""
"abominable | מתועב | שנוא","ADJECTIVE","509","",""
"ancient | עתיק | קדום | נושן","ADJECTIVE","510","",""
"another | נוסף","ADJECTIVE","511","",""
"arcane | מיסתורי | סודי","ADJECTIVE","512","",""
"bad | רע | גרוע","ADJECTIVE","513","",""
"beautiful | יפהפה | נאה","ADJECTIVE","514","",""
"both | שניהם | שתיהן","ADJECTIVE","515","",""
"broad | רחב | מקיף | נרחב","ADJECTIVE","516","",""
"broken | שבור | מנותק | הרוס","ADJECTIVE","517","",""
"canned | משומר | מקופסא | מוקלט","ADJECTIVE","518","",""
"carved | מגולף | חרוט | מפוסל","ADJECTIVE","519","",""
"cold | קר | קריר | אדיש","ADJECTIVE","520","",""
"crew | צוות | חבורה | קבוצה","ADJECTIVE","521","",""
"crude | גס | גולמי","ADJECTIVE","522","",""
"crumpled | מקומט | מכווץ","ADJECTIVE","523","",""
"dangerous | מסוכן | מפחיד","ADJECTIVE","524","",""
"decorated | מעוטר | מקושט","ADJECTIVE","525","",""
"early | מוקדם | ראשוני | בתחילת","ADJECTIVE","526","",""
"even | אפילו | שווה","ADJECTIVE","527","",""
"evil | רשע | מרושע | רוע","ADJECTIVE","528","",""
"exquisite | מעודן | נהדר | מופלא","ADJECTIVE","529","",""
"filthy | מלוכלך | מזוהם | מטונף","ADJECTIVE","530","",""
"fine | בסדר | משובח","ADJECTIVE","531","",""
"first | ראשון | התחלתי | בראשית","ADJECTIVE | IMPERATIVE_VERB","532","",""
"floating | flying | צף | מרחף | טס | מעופף | מעופפים","ADJECTIVE","533","",""
"forsaken | נטוש | עזוב | נשכח","ADJECTIVE","534","",""
"frail | שברירי | חלש | עדין","ADJECTIVE","535","",""
"freshly | טרי | טריות | לאחרונה","ADJECTIVE","536","",""
"golden | זהוב | מוזהב | נפלא","ADJECTIVE","537","",""
"good | טוב | טובה | תקין","ADJECTIVE","538","",""
"grandmotherly | סבתאית | אימהית","ADJECTIVE","539","",""
"hard | קשה | מוצק | עמל","ADJECTIVE","540","",""
"his | שלו | שלוש","ADJECTIVE","541","",""
"hooded | מצונף","ADJECTIVE","542","",""
"honorable | מכובד | נכבד | ישר","ADJECTIVE","543","",""
"humble | צנוע | עניו | פשוט","ADJECTIVE","544","",""
"important | חשוב","ADJECTIVE","545","",""
"intoxicated | מסומם | מורעל","ADJECTIVE","546","",""
"its | שלה","ADJECTIVE","547","",""
"living | חי | גר | מתגורר","ADJECTIVE","548","",""
"local | מקומי | אזורי","ADJECTIVE","549","",""
"long | ארוך | ממושך","ADJECTIVE","550","",""
"lost | אבוד | אבודה | איבד","ADJECTIVE","551","",""
"low | נמוך | מדוכא","ADJECTIVE","552","",""
"magical | קסומה | פלאי","ADJECTIVE","553","",""
"main | ראשי | עיקרי | מרכזי","ADJECTIVE","554","",""
"makeshift | מאולתר | ארעי | זמני","ADJECTIVE","555","",""
"marked | מסומן | בולט | מצוין","ADJECTIVE","556","",""
"my | שלי","ADJECTIVE","557","",""
"nasty | מגעיל | דוחה","ADJECTIVE","558","",""
"neat | מסודר | מהודר","ADJECTIVE","559","",""
"new | חדש | חדשה","ADJECTIVE","560","",""
"newborn | יילוד","ADJECTIVE","561","",""
"next | הבא | צמוד","ADJECTIVE | IMPERATIVE_VERB","562","",""
"nice | נחמד | נחמדה | יפה","ADJECTIVE","563","",""
"oak | אלון | חזק","ADJECTIVE","564","",""
"odd | משונה","ADJECTIVE","565","",""
"old | ישן","ADJECTIVE","566","",""
"other | אחר | שונה","ADJECTIVE","567","",""
"our | שלנו","ADJECTIVE","568","",""
"penniless | דל","ADJECTIVE","569","",""
"personal | אישי | עצמי","ADJECTIVE","570","",""
"pickled | כבוש | חמוץ","ADJECTIVE","571","",""
"private | פרטי | חשאי","ADJECTIVE","572","",""
"rare | נדיר","ADJECTIVE","573","",""
"rarest | ייחודי","ADJECTIVE","574","",""
"real | אמיתי | ממשי | מציאותי","ADJECTIVE","575","",""
"rich | עשיר | עתיר | שופע","ADJECTIVE","576","",""
"rocking | מטלטל | מתנדנד","ADJECTIVE","577","",""
"serial | סדרתי | סידורי | עוקב","ADJECTIVE","578","",""
"shining | מבריק | נוצץ","ADJECTIVE","579","",""
"shopping | קניות | קונה","ADJECTIVE","580","",""
"sick | חולה | בחילה | חולני","ADJECTIVE","581","",""
"single | יחיד | רווק | בודד","ADJECTIVE","582","",""
"sober | פיכח | מתון | צלול","ADJECTIVE","583","",""
"some | כמה | אחדים","ADJECTIVE","584","",""
"southern | דרומי | מהדרום","ADJECTIVE","585","",""
"special | מיוחד | מיוחדת | ספציפי","ADJECTIVE","586","",""
"standard | סטנדרטי | תקני","ADJECTIVE","587","",""
"sticky | דביק | דביקה | דביקי","ADJECTIVE","588","",""
"stolen | גנוב | גנובה | גנובים","ADJECTIVE","589","",""
"strangely","ADJECTIVE","590","",""
"substantial | משמעותי | ניכר | מהותי","ADJECTIVE","591","",""
"sweet | מתוק | מתוקה | נעים","ADJECTIVE","592","",""
"tall | גבוה | גבוהה","ADJECTIVE","593","",""
"their | שלהם | שלהן","ADJECTIVE","594","",""
"threadbare | בלוי | מרופט","ADJECTIVE","595","",""
"tough | קשוח | עמיד","ADJECTIVE","596","",""
"typical | טיפוסי | אופייני","ADJECTIVE","597","",""
"uniformed | במדים","ADJECTIVE","598","",""
"unmarked","ADJECTIVE","599","",""
"urgent | דחוף | בוהל | לחוץ","ADJECTIVE","600","",""
"vile | נתעב | שפל","ADJECTIVE","601","",""
"vital | חיוני | נחוץ | חיונית","ADJECTIVE","602","",""
"worn | שחוק","ADJECTIVE","603","",""
"weird | מוזר | הזוי","ADJECTIVE","604","",""
"wet | רטוב | לח | לחלוחית","ADJECTIVE","605","",""
"wrought | מחושל | מעוצב | נוצר","ADJECTIVE","606","",""
"young | צעיר | צעירה | רענן","ADJECTIVE","607","",""
"your | שלך | שלכם | שלכן","ADJECTIVE","608","",""
"big | huge | large | גדול | עצום","ADJECTIVE","609","",""
"dead | deceased | מת | נפטר","ADJECTIVE","610","",""
"all | every | כל | כולל | כולו","ADJECTIVE","611","",""
"famished | hungry | ravenous | starved | starving | מורעב | חרב","ADJECTIVE","612","",""
"fat | plump | שמן | שמנה | עבה","ADJECTIVE","613","",""
"preceding | previous | קודם | קודמת | לפני","ADJECTIVE | IMPERATIVE_VERB","614","",""
"little | small | מעט","ADJECTIVE","615","",""
"extra | spare | רזרבי | מיותר","ADJECTIVE","616","",""
"phosphorescent | זרחני","ADJECTIVE","617","",""
"left | שמאל | שמאלי","ADJECTIVE","618","",""
"right | ימין | נכון | צודק","ADJECTIVE","619","",""
"picket | משמר | משמרת | חרם","ADJECTIVE","620","",""
"glowing | זוהר | קורן | בוהק | זוהרת","ADJECTIVE","621","",""
"red | אדום | אדומה | סמוק","ADJECTIVE","622","",""
"colorful | צבעוני | צבעונית","ADJECTIVE","623","",""
"fragrant | ריחני | מבושם | ארומטי","ADJECTIVE","624","",""
"birdlike | ציפורי","ADJECTIVE","625","",""
"frost | כפור | קור","ADJECTIVE","626","",""
"bald | קירח","ADJECTIVE","627","",""
"archery","ADJECTIVE","628","",""
"last | אחרון | אחרונה | נמשך","ADJECTIVE | IMPERATIVE_VERB","629","",""
"happy | שמח | מאושר | שמחה","ADJECTIVE","630","",""
"mephitic | מסריח | מצחין | רעיל","ADJECTIVE","631","",""
"hollow | חלול | חלולה","ADJECTIVE","632","",""
"maltese | מלטזי | ממלטה","ADJECTIVE","633","",""
"brass | פליז","ADJECTIVE","634","",""
"bronze | ברונזה","ADJECTIVE","635","",""
"aim | לכוון | כיוון","IMPERATIVE_VERB","1000","",""
"appear | להופיע | נראה | יופיע","IMPERATIVE_VERB","1001","",""
"apply | ליישם","IMPERATIVE_VERB","1002","",""
"beg | להתחנן | תחנונים","IMPERATIVE_VERB","1003","",""
"bite | לנשוך | נשיכה | נשך","IMPERATIVE_VERB","1004","",""
"breathe | לנשום | נושם","IMPERATIVE_VERB","1005","",""
"burn | לשרוף | שריפה","IMPERATIVE_VERB","1006","",""
"call | שיחה | להתקשר","IMPERATIVE_VERB","1007","",""
"carve | לגלף | לחרוט | לחקוק","IMPERATIVE_VERB","1008","",""
"cast | להטיל | ללהק | יצוק | הטל | להפעיל | הפעל","IMPERATIVE_VERB","1009","",""
"change | לשנות | שינוי | להחליף","IMPERATIVE_VERB","1010","",""
"climb | scale | לטפס | טפס | לרדת | רד | רדי","IMPERATIVE_VERB","1011","",""
"come | לבוא | בוא | יבוא","IMPERATIVE_VERB","1012","",""
"continue | להמשיך | המשך | ימשיך","IMPERATIVE_VERB","1013","",""
"control | לשלוט | שליטה | לפקח","IMPERATIVE_VERB","1014","",""
"crawl | לזחול | זחילה | יזחל","IMPERATIVE_VERB","1015","",""
"cross | לחצות | צלב | לעבור","IMPERATIVE_VERB","1016","",""
"damn | ארור | לקלל","IMPERATIVE_VERB","1017","",""
"dash","IMPERATIVE_VERB","1018","",""
"decorate | לקשט | לעטר | מקשט","IMPERATIVE_VERB","1019","",""
"describe | לתאר | תאר | יתאר","IMPERATIVE_VERB","1020","",""
"die | למות | תמות","IMPERATIVE_VERB","1021","",""
"dig | לחפור | חפור | יחפור","IMPERATIVE_VERB","1022","",""
"disarm | לנטרל | לפרוק","IMPERATIVE_VERB","1023","",""
"draw | לצייר | שרטוט","IMPERATIVE_VERB","1024","",""
"enter | להיכנס | היכנס | יכנס","IMPERATIVE_VERB","1025","",""
"erase | למחוק | מחיקה | ימחק","IMPERATIVE_VERB","1026","",""
"fasten | להדק | לקשור","IMPERATIVE_VERB","1027","",""
"feed | להאכיל | האכלה | הזנה | האכל","IMPERATIVE_VERB","1028","",""
"feel | touch | להרגיש | הרגשה | יחוש","IMPERATIVE_VERB","1029","",""
"fetch | הבאה | משיכה | תפיסה","NOUN | IMPERATIVE_VERB","1030","",""
"flip | להפוך | לדפדף | קפיצה","IMPERATIVE_VERB","1031","",""
"flush | להדיח | סומק","IMPERATIVE_VERB","1032","",""
"fly | לטוס | זבוב | לעוף","NOUN | IMPERATIVE_VERB","1033","",""
"follow | לעקוב | עקוב","IMPERATIVE_VERB","1034","",""
"garbage | זבל | אשפה","IMPERATIVE_VERB","1035","",""
"grope | למשש | לגשש | מישוש","IMPERATIVE_VERB","1036","",""
"hang | לתלות | תלוי | תליה","IMPERATIVE_VERB","1037","",""
"hold | להחזיק | החזק","IMPERATIVE_VERB","1038","",""
"hurry | למהר","IMPERATIVE_VERB","1039","",""
"identify | לזהות | לאפיין","IMPERATIVE_VERB","1040","",""
"fill | insert | למלא | להכניס | הכנסה","IMPERATIVE_VERB","1041","",""
"join | להצטרף","IMPERATIVE_VERB","1042","",""
"enlarge | increase | להגדיל | להגביר | להרחיב","IMPERATIVE_VERB","1043","",""
"keep | לשמור | לשמר","IMPERATIVE_VERB","1044","",""
"lie | לשקר | לשכב","IMPERATIVE_VERB","1045","",""
"like | כמו | חבב","IMPERATIVE_VERB","1046","",""
"listen | להקשיב | הקשב | להאזין","IMPERATIVE_VERB","1047","",""
"load | לטעון | עומס | טען","IMPERATIVE_VERB","1048","",""
"mend","IMPERATIVE_VERB","1049","",""
"move | לזוז | להזיז | תנועה | הזז","IMPERATIVE_VERB","1050","",""
"need | צריך | זקוק | צורך","IMPERATIVE_VERB","1051","",""
"offer | להציע | הצעה | להגיש","IMPERATIVE_VERB","1052","",""
"order | להזמין | פקודה | סדר | הזמן","IMPERATIVE_VERB","1053","",""
"pause | להשהות | הפסקה","IMPERATIVE_VERB","1054","",""
"pay | לשלם | תשלום | שכר","IMPERATIVE_VERB","1055","",""
"peddle","IMPERATIVE_VERB","1056","",""
"perform | לבצע","IMPERATIVE_VERB","1057","",""
"play | לשחק | לנגן | הצגה","IMPERATIVE_VERB","1058","",""
"pull | למשוך | לגרור | משוך","IMPERATIVE_VERB","1059","",""
"quit | לפרוש | לעזוב","IMPERATIVE_VERB","1060","",""
"read | לקרוא | קריאה | יקרא | קרא","IMPERATIVE_VERB","1061","",""
"recover | להתאושש | להשיב","IMPERATIVE_VERB","1062","",""
"refuel | לתדלק | תדלוק","IMPERATIVE_VERB","1063","",""
"remain | נשאר | שיור","IMPERATIVE_VERB","1064","",""
"rent | לשכור | השכרה","IMPERATIVE_VERB","1065","",""
"repeat | לחזור | לשנן","IMPERATIVE_VERB","1066","",""
"reset | לאפס | איפוס | לאתחל","IMPERATIVE_VERB","1067","",""
"restart","IMPERATIVE_VERB","1068","",""
"restore | לשחזר","IMPERATIVE_VERB","1069","",""
"circle | להקיף | עיגול | מעגל","IMPERATIVE_VERB","1070","",""
"rise | לעלות | עלייה","IMPERATIVE_VERB","1071","",""
"rove | לשוטט | לנדוד | שוטטות","IMPERATIVE_VERB","1072","",""
"save | להציל | לחסוך","IMPERATIVE_VERB","1073","",""
"saw | מסור | לנסר","IMPERATIVE_VERB","1074","",""
"search | seek | לחפש | לבדוק | בדוק | חפש","IMPERATIVE_VERB","1075","",""
"seduce | לפתות | פיתוי | לפתה","IMPERATIVE_VERB","1076","",""
"see | לראות | ראה | יראה","IMPERATIVE_VERB","1077","",""
"sell | למכור | ימכור","IMPERATIVE_VERB","1078","",""
"set | להגדיר","IMPERATIVE_VERB","1079","",""
"sew | תפירה | לתפור","IMPERATIVE_VERB","1080","",""
"shake | לנער | לרעוד | רעד","IMPERATIVE_VERB","1081","",""
"shove | דחיפה","IMPERATIVE_VERB","1082","",""
"sing | לשיר | שירה | שר","IMPERATIVE_VERB","1083","",""
"slide | מגלשה","IMPERATIVE_VERB","1084","",""
"slip | להחליק | מעידה | טעות","IMPERATIVE_VERB","1085","",""
"snip | לגזור | גזירה","IMPERATIVE_VERB","1086","",""
"spit | לירוק | רוק | יריקה","IMPERATIVE_VERB","1087","",""
"grab | rob | snatch | steal | לשדוד | לחטוף | לגנוב","IMPERATIVE_VERB","1088","",""
"straighten | ליישר | להתיישר | יישור","IMPERATIVE_VERB","1089","",""
"swamp | להציף | מוצף","IMPERATIVE_VERB","1090","",""
"swim | לשחות | שחייה","IMPERATIVE_VERB","1091","",""
"swing | להתנדנד | נדנדה | לנדנד","IMPERATIVE_VERB","1092","",""
"tear | דמעה | קרע","IMPERATIVE_VERB","1093","",""
"transmit | לשדר | להעביר | שידור","IMPERATIVE_VERB","1094","",""
"turn | לפנות | סיבוב","IMPERATIVE_VERB","1095","",""
"uncover | לחשוף","IMPERATIVE_VERB","1096","",""
"undress | להתפשט | להתערטל","IMPERATIVE_VERB","1097","",""
"unlock","IMPERATIVE_VERB","1098","",""
"walk | ללכת | צעד | לצעוד","IMPERATIVE_VERB","1099","",""
"want | לרצות | חפץ","IMPERATIVE_VERB","1100","",""
"warn | להזהיר | אזהרה | התרעה","IMPERATIVE_VERB","1101","",""
"wear | ללבוש | שחיקה","IMPERATIVE_VERB","1102","",""
"whats","IMPERATIVE_VERB","1103","",""
"whisper | ללחוש | לחישה | מלמול","IMPERATIVE_VERB","1104","",""
"whistle | לשרוק | שריקה | משרוקית","IMPERATIVE_VERB","1105","",""
"wipe | לנגב | ניגוב","IMPERATIVE_VERB","1106","",""
"bet | wager | להמר | הימור","NOUN | IMPERATIVE_VERB","1107","",""
"blow | suck | לנשוף | למצוץ | מכה","IMPERATIVE_VERB","1108","",""
"break | smash | לשבור | שבירה","IMPERATIVE_VERB","1109","",""
"buy | purchase | לקנות | רכישה | קנייה | קנה","IMPERATIVE_VERB | NOUN","1110","",""
"capture | catch | subdue | ללכוד | לתפוס | להכניע","IMPERATIVE_VERB","1111","",""
"chase | pursue | לרדוף | מרדף","IMPERATIVE_VERB","1112","",""
"close | shut | לסגור | סגירה | סגור","IMPERATIVE_VERB","1113","",""
"attach | connect | לצרף | לחבר | חיבור","IMPERATIVE_VERB","1114","",""
"crap | defecate | dump | fart | manure | poop | shit | נפיחה | קקי | חרא","IMPERATIVE_VERB | NOUN","1115","",""
"eat | swallow | לאכול | לבלוע | אכילה | אכול","IMPERATIVE_VERB","1116","",""
"escape | retreat | לברוח | לסגת | בריחה","IMPERATIVE_VERB","1117","",""
"fight | להילחם | קרב | מריבה | להלחם","IMPERATIVE_VERB","1118","",""
"attack | clash | לתקוף | תקיפה | התנגשות","NOUN | IMPERATIVE_VERB","1119","",""
"find | locate | למצוא | לאתר | איתור","IMPERATIVE_VERB","1120","",""
"fix | repair | תיקון | לתקן","IMPERATIVE_VERB","1121","",""
"boff | cocksuck | fuck | hump | motherfuck | screw | להתגסס","IMPERATIVE_VERB","1122","",""
"acquire | bring | get | obtain | remove | retrieve | take | לרכוש | לקבל | להשיג | להסיר | לקחת | קח | להרים | לקטוף | ללקט | קטוף","IMPERATIVE_VERB","1123","",""
"gave | give | share | נתן | לתת | לשתף | תן","IMPERATIVE_VERB","1124","",""
"chop | cut | hack | puncture | rip | skewer | slash | slice | stab | לקצוץ | לחתוך | לנקב | לקרוע | לשפד | לשסע | לפרוס | לדקור","IMPERATIVE_VERB | NOUN","1125","",""
"conceal | hide | להסתיר | להחביא | הסתרה","IMPERATIVE_VERB","1126","",""
"beat | crush | hit | kick | punch | slap | squash | stomp | strike | trounce | להכות | לרסק | להלום | לבעוט | לסטור | למעוך | לרמוס | לשבות | להביס","IMPERATIVE_VERB","1127","",""
"kill | murder | רצח | להרוג","IMPERATIVE_VERB","1128","",""
"knock | rap | לדפוק | נקוש | הקש | דפוק | לנקוש","IMPERATIVE_VERB","1129","",""
"done | exit | leave | סיים | יציאה","IMPERATIVE_VERB | NOUN","1130","",""
"let | lets | לאפשר","IMPERATIVE_VERB","1131","",""
"lift | raise | להגביה | הרמה","NOUN | IMPERATIVE_VERB","1132","",""
"examine | gaze | inspect | look | observe | להביט | לבחון | לבהות | להסתכל | להתבונן | הבט | הסתכל","IMPERATIVE_VERB","1133","",""
"made | make | עשה | עשוי | לעשות","IMPERATIVE_VERB","1134","",""
"pat | pet | stroke | ללטף | ליטוף","IMPERATIVE_VERB","1135","",""
"leak | pee | piss | urinate | לדלוף | להשתין","IMPERATIVE_VERB","1136","",""
"force | press | push | לכפות | ללחוץ | לדחוף | דחף","IMPERATIVE_VERB","1137","",""
"deposit | discard | drop | להפקיד | להפיל | להשליך | השלך","IMPERATIVE_VERB","1138","",""
"meditate | relax | למדוט | להירגע","IMPERATIVE_VERB","1139","",""
"replace | return | להחזיר | החזרה | החזר","IMPERATIVE_VERB","1140","",""
"ask | inquire | request | לשאול | לברר | לבקש | שאל","IMPERATIVE_VERB","1141","",""
"bathe | rinse | wash | לרחוץ | לשטוף","IMPERATIVE_VERB","1142","",""
"hop | jump | leap | skip | vault | לקפץ | לנתר | לדלג | לזנק | לקפוץ","IMPERATIVE_VERB","1143","",""
"send | sent | לשלוח | שלח | נשלח","IMPERATIVE_VERB","1144","",""
"display | show | להציג | להראות | תצוגה","IMPERATIVE_VERB","1145","",""
"drink | sip | לשתות | ללגום | משקאות | משקה","IMPERATIVE_VERB | NOUN","1146","",""
"sat | sit | ישב | לשבת | שיבה | שב","IMPERATIVE_VERB","1147","",""
"nap | sleep | snooze | תנומה | לישון | לנמנם","NOUN | IMPERATIVE_VERB","1148","",""
"chat | converse | interrupt | speak | talk | לשוחח | להפריע | לדבר","IMPERATIVE_VERB","1149","",""
"throw | toss | לזרוק | זרוק","IMPERATIVE_VERB","1150","",""
"bargain | barter | exchange | trade | להתמקח | לסחור | סחר","NOUN | IMPERATIVE_VERB","1151","",""
"unfasten | untie | להתיר","IMPERATIVE_VERB","1152","",""
"disappear | vanish | להיעלם | להתפוגג | נעלם","IMPERATIVE_VERB","1153","",""
"stay | wait | להישאר | לחכות | המתנה","IMPERATIVE_VERB","1154","",""
"awaken | wake | להעיר | להתעורר | התעוררות","IMPERATIVE_VERB","1155","",""
"aisle | walkway","IMPERATIVE_VERB","1156","",""
"chuckle | laugh | smile | wink | לצחוק | לחייך | לקרוץ","IMPERATIVE_VERB","1157","",""
"write | wrote | לכתוב | כתב | כתבתי","IMPERATIVE_VERB","1158","",""
"answer | תשובה | לענות | ענה","NOUN | IMPERATIVE_VERB","1159","",""
"bribe | לשחד | שוחד","NOUN | IMPERATIVE_VERB","1160","",""
"count | לספור | ספירה | מספר","NOUN | IMPERATIVE_VERB","1161","",""
"dream | חלום | לחלום | חלם","NOUN | IMPERATIVE_VERB","1162","",""
"help | עזרה | לעזור","NOUN | IMPERATIVE_VERB","1163","",""
"hug | חיבוק | לחבק | חבק","NOUN | IMPERATIVE_VERB","1164","",""
"kiss | נשיקה | לנשק","NOUN | IMPERATIVE_VERB","1165","",""
"chandelier | light | נברשת | אור","NOUN | IMPERATIVE_VERB","1166","",""
"hasp | lock | בריח | מנעול | לנעול | נעילה","NOUN | IMPERATIVE_VERB","1167","",""
"open | פתוח | לפתוח | פתיחה | פתח","NOUN | IMPERATIVE_VERB","1168","",""
"pass | מעבר | דרכון","NOUN | IMPERATIVE_VERB","1169","",""
"patrol | לסייר | סיור","NOUN | IMPERATIVE_VERB","1170","",""
"pound | פאונד","NOUN | IMPERATIVE_VERB","1171","",""
"practice | אימון | תרגול | להתאמן | לחימה","NOUN | IMPERATIVE_VERB","1172","",""
"train | רכבת | לאמן","NOUN | IMPERATIVE_VERB","1173","",""
"question | שאלה | חקירה | שאלות | חקירות","NOUN | IMPERATIVE_VERB","1174","",""
"register | להירשם","NOUN | IMPERATIVE_VERB","1175","",""
"report | דיווח | לדווח | דוח""","NOUN | IMPERATIVE_VERB","1176","",""
"rest | מנוחה | לנוח | שארית","NOUN | IMPERATIVE_VERB","1177","",""
"sconce","NOUN | IMPERATIVE_VERB","1178","",""
"snore | נחירה | לנחור | נחר","NOUN | IMPERATIVE_VERB","1179","",""
"stand | לעמוד | עמדה | דוכן | לקום | קום | עמוד","NOUN | IMPERATIVE_VERB","1180","",""
"taste | טעם | לטעום | טעימה","NOUN | IMPERATIVE_VERB","1181","",""
"travel | נסיעה | לנסוע","NOUN | IMPERATIVE_VERB","1182","",""
"view | נוף | לצפות | מבט","NOUN | IMPERATIVE_VERB","1183","",""
"wish | משאלה | לאחל","NOUN | IMPERATIVE_VERB","1184","",""
"clean | נקי | לנקות | מנקה","ADJECTIVE | IMPERATIVE_VERB","1185","",""
"dry | יבש | לייבש | יובש","ADJECTIVE | IMPERATIVE_VERB","1186","",""
"empty | ריק | לרוקן | ריקנות","ADJECTIVE | IMPERATIVE_VERB","1187","",""
"lower | להוריד | להנמיך","ADJECTIVE | IMPERATIVE_VERB","1188","",""
"enchant | להקסים | לכשף | להלהיב","ADJECTIVE | IMPERATIVE_VERB","1189","",""
"disenchant | dispel | לבטל | להפיג | ניטרול | הופכי | הסרה | נגדי | ההסרה | ביטול | הפגה","NOUN | IMPERATIVE_VERB","1190","",""
"heal | להחלים | לרפא","IMPERATIVE_VERB","1191","",""
"sneak | להתגנב | חמקן","IMPERATIVE_VERB","1192","",""
"spin | לסובב","IMPERATIVE_VERB","1193","",""
"twist | פיתול | עיוות","IMPERATIVE_VERB","1194","",""
"dance | לרקוד | ריקוד | רוקד","NOUN | IMPERATIVE_VERB","1195","",""
"free | release | לשחרר | שחרר | שחרור","ADJECTIVE | IMPERATIVE_VERB","1196","",""
"deal | עסקה | להתמודד | להתעסק | מיקוח | עיסקה","NOUN | IMPERATIVE_VERB","1197","",""
"glow | לזהור","IMPERATIVE_VERB","1198","",""
"recite | לדקלם | דקלום","IMPERATIVE_VERB","1199","",""
"run | לרוץ | ריצה | לנהל | רוץ","IMPERATIVE_VERB","1200","",""
"calm | quiet | still | רגוע | שקט | עדיין | הרגעה","NOUN | IMPERATIVE_VERB","1201","",""
"ride | לרכב | רכיבה","NOUN | IMPERATIVE_VERB","1202","",""
"damage | hurt | injure | להזיק | לפגוע | לפצוע","IMPERATIVE_VERB","1203","",""
"dodge","IMPERATIVE_VERB","1204","",""
"duck | להתכופף | ברווז | להתחמק","IMPERATIVE_VERB","1205","",""
"parry | להדוף | הדיפה","IMPERATIVE_VERB","1206","",""
"block | לחסום | בלוק | מחסום","NOUN | IMPERATIVE_VERB","1207","",""
"thrust","IMPERATIVE_VERB","1208","",""
"learn | ללמוד | למוד | למידה","IMPERATIVE_VERB","1209","",""
"teach | ללמד","IMPERATIVE_VERB","1210","",""
"hiden | מוחבא | נסתר | חבוי | היידן | הידן | מעך","IMPERATIVE_VERB","1211","",""
"rub | לשפשף | שפשוף | חיכוך","IMPERATIVE_VERB","1212","",""
"teleport | tp","IMPERATIVE_VERB","1213","",""
"extinguish | לכבות | כיבוי","IMPERATIVE_VERB","1214","",""
"halt | לעצור | עצירה | פסק","IMPERATIVE_VERB","1215","",""
"unbar","IMPERATIVE_VERB","1216","",""
"put | לשים | להניח | הניח","IMPERATIVE_VERB","1217","",""
"reflect | לשקף | להרהר","IMPERATIVE_VERB","1218","",""
"prepare | להכין | להתכונן","IMPERATIVE_VERB","1219","",""
"resign | surrender | להתפטר | להיכנע | כניעה","IMPERATIVE_VERB","1220","",""
"pry | לחטט | חטטנות","IMPERATIVE_VERB","1221","",""
"gather | לאסוף | כינוס","IMPERATIVE_VERB","1222","",""
"thank | thanks | להודות | תודה | תודות","IMPERATIVE_VERB","1223","",""
"adventurer | הרפתקן | חוקר | נועז | הרפתקנים | נועזים","NOUN","2000","",""
"antwerp | twerp | אנטוורפן | אנטוורפ","NOUN","2001","",""
"assistant | עוזר | סייע | עוזרת","NOUN","2002","",""
"baker | אופה | אופים","NOUN","2003","",""
"barber","NOUN","2004","",""
"bartender | ברמן | מוזג","NOUN","2005","",""
"beggar | קבצן | אביון | עני | לקבצן | קבצנות","NOUN","2006","",""
"boris | בוריס","NOUN","2007","",""
"butcher | קצב | שוחט | קצבים","NOUN","2008","",""
"cashier | קופאי | קופאית | גזבר","NOUN","2009","",""
"centaur | קנטאור","NOUN","2010","",""
"cheetaur | ציטאור | ברדלסילן","NOUN","2011","",""
"deputy | סגן | שליח","NOUN","2012","",""
"djinn | ג'יני | שד","NOUN","2013","",""
"dragon | דרקון | תנין | הדרקון","NOUN","2014","",""
"bum | drunk | wino | הומלס | שיכור | אלכוהוליסט","NOUN","2015","",""
"efreet | עפרית","NOUN","2016","",""
"erana | אירנה | ארנה | אראנה","NOUN","2017","",""
"dad | father | pop | אבא","NOUN","2018","",""
"farmer | חקלאי | איכר | חקלאית | חוואי","NOUN","2019","",""
"folk | קהל","NOUN","2020","",""
"gambler | מהמר | מהמרת | קלפן","NOUN","2021","",""
"gaunt | כחוש | רזה | חיוור","NOUN","2022","",""
"girl | ילדה | נערה","NOUN","2023","",""
"gnome | גמד | גנום | ננס","NOUN","2024","",""
"goon | בריון | קלגס","NOUN","2025","",""
"grandfather | סבא | סב","NOUN","2026","",""
"gypsy | צועני | צוענייה | נווד","NOUN","2027","",""
"handyman | שיפוצניק | הנדימן","NOUN","2028","",""
"halfwitten | hans | הנס","NOUN","2029","",""
"fame | glory | תהילה","NOUN","2030","",""
"hero | גיבור | אלוף | גיבורה | גיבורים","NOUN","2031","",""
"filly | hilde | סייחה | הילדה | עלמה","NOUN","2032","",""
"innkeeper | פונדקאי | מארח","NOUN","2033","",""
"katta | קאטה | קאטות","NOUN","2034","",""
"keeper | ממונה | שומרת","NOUN","2035","",""
"leader | מנהיג | מוביל","NOUN","2036","",""
"lol | חחח | צחוק | בכיף","NOUN","2037","",""
"guildmaster","NOUN","2038","",""
"moose | moosehead | מוז | מוס","NOUN","2039","",""
"ogre | עוג | עוגים","NOUN","2040","",""
"otto | אוטו","NOUN","2041","",""
"player | שחקן | נגן | שחקנית","NOUN","2042","",""
"erasmus | ארסמוס","NOUN","2043","",""
"saurus | זאורוס | דינוזאור","NOUN","2044","",""
"shameen | שאמין","NOUN","2045","",""
"shema | שמה | שימה","NOUN","2046","",""
"caster | spellcaster","NOUN","2047","",""
"troll | טרול | הטרול","NOUN","2048","",""
"von | פון","NOUN","2049","",""
"warlock","NOUN","2050","",""
"wizard | קוסם | קוסמת","NOUN","2051","",""
"zara | זארה","NOUN","2052","",""
"zauberberg | צאוברברג","NOUN","2053","",""
"ali | hasan | עלי | חסן","NOUN","2054","",""
"baron | stefan | ברון | סטפן","NOUN","2055","",""
"barnard | baronet | son | ברנרד | ברונט | בן","NOUN","2056","",""
"baba | hag | witch | yaga | בבה | מכשפה | יאגה | זקנה | באבא | יגה | יגא","NOUN","2057","",""
"bandit | brigand | robber | שודד | שודדים | כנופיה | השודדים","NOUN","2058","",""
"cat | kitten | kitty | חתול | חתלתול | קיטי","NOUN","2059","",""
"bouncer | crusher | סדרן | מוחץ | מרסק","NOUN","2060","",""
"damiano | דמיאנו","NOUN","2061","",""
"elsa | אלזה | אלסה","NOUN","2062","",""
"faerie | faery | fairy | פיה | פיות","NOUN","2063","",""
"griffin | griffon | gryphon | גריפון","NOUN","2064","",""
"kaspar | milchtoast | קספר | חלשלוש | פחדן","NOUN","2065","",""
"mage | magician | sorcerer | אשף","NOUN","2066","",""
"creature | יצור | בריה","NOUN","2067","",""
"abdulla | doo | merchant | עבדאללה | דו | סוחר | סוחרים","NOUN","2068","",""
"bull | minotaur | שור | מינוטאור | פר | מינטאור","NOUN","2069","",""
"owner | proprietor | בעל | הבעלים | בעלים","NOUN","2070","",""
"yorick | יוריק","NOUN","2071","",""
"meisterson | meistersson | schultz | sheriff | sherrif | sherriff | shultz | מייסטרסון | שריף | שולץ","NOUN","2072","",""
"shopkeeper | storekeeper | חנווני","NOUN","2073","",""
"thief | thieves | גנבים | גנב","NOUN","2074","",""
"sam | tinker | סם | פחח","NOUN","2075","",""
"seller | vendor | מוכר | ספק | רוכל","NOUN","2076","",""
"hostess | waitress | מארחת | מלצרית | מגישה","NOUN","2077","",""
"abenteuer | wolf | wolfgang | זאב | וולפגנג","NOUN","2078","",""
"female | lady | woman | women | נקבה | גברת | אישה | נשים","NOUN","2079","",""
"dude | guy | man | men | בחור | גבר | גברים | איש | האיש | הגבר | הבחור","NOUN","2080","",""
"people | person | אנשים | אדם","NOUN","2081","",""
"sorry | סליחה | מצטער","NOUN","2082","",""
"bye | goodbye | להתראות | ביי","NOUN","2083","",""
"hello | hi | howdy | הי","NOUN","2084","",""
"game | משחק | ציד | במשחק","NOUN","2085","",""
"inventory | מלאי | מצאי","NOUN","2086","",""
"room | חדר | מרחב","NOUN","2087","",""
"speed | מהירות | מהר","NOUN","2088","",""
"north | צפונה","NOUN","2089","",""
"south | דרום | דרומה","NOUN","2090","",""
"east | מזרח | מזרחה","NOUN","2091","",""
"west | מערב | מערבה","NOUN","2092","",""
"adventure | הרפתקה","NOUN","2093","",""
"adventuring | הרפתקנות","NOUN","2094","",""
"affair | רומן | עניין | פרשה","NOUN","2095","",""
"afternoon | אחהצ | צהריים""","NOUN","2096","",""
"alabaster | אלבסטר | צח","NOUN","2097","",""
"alcove | גומחה | פינה | חלל","NOUN","2098","",""
"alertness | עירנות | ערנות | דריכות","NOUN","2099","",""
"alley | סמטה","NOUN","2100","",""
"ancestry | מוצא | אבות","NOUN","2101","",""
"andiron","NOUN","2102","",""
"andromeda | אנדרומדה","NOUN","2103","",""
"aroma | ארומה | ניחוח","NOUN","2104","",""
"art | אמנות | אומנות","NOUN","2105","",""
"assortment | מבחר | מגוון | אסורטימנט","NOUN","2106","",""
"aura | הילה | אווירה","NOUN","2107","",""
"avalanche | מפולת","NOUN","2108","",""
"bag | sack | תיק | שק | שקית | בתיק | שקיק","NOUN","2109","",""
"bakery | מאפייה | מאפים","NOUN","2110","",""
"balance | איזון | יתרה","NOUN","2111","",""
"bar | בר | למנוע","NOUN | IMPERATIVE_VERB","2112","",""
"barbershop | מספרה","NOUN","2113","",""
"basket | סל | סלסלה | בסל","NOUN","2114","",""
"bath | אמבטיה | רחצה | אמבט","NOUN","2115","",""
"beard | זיפים | זקן","NOUN","2116","",""
"beast","NOUN","2117","",""
"bed | מיטה | מצע | ערוגה","NOUN","2118","",""
"beverage | שתייה","NOUN","2119","",""
"bird | ציפור","NOUN","2120","",""
"blood | דם","NOUN","2121","",""
"blossom | פריחה","NOUN","2122","",""
"board | לוח | בלוח","NOUN","2123","",""
"body | corpse | גוף | גופה","NOUN","2124","",""
"boot | מגף","NOUN","2125","",""
"box | קופסה | קופסא","NOUN","2126","",""
"bratwurst | נקניקיה | נקניק","NOUN","2127","",""
"breath | נשימה | נשימת | נישמת","NOUN","2128","",""
"building | structure | בניין | מבנה","NOUN","2129","",""
"bulletin | עלון | ידיעה","NOUN","2130","",""
"burden | נטל | משא","NOUN","2131","",""
"business | עסק | מסחר","NOUN","2132","",""
"cable | כבל","NOUN","2133","",""
"candle | נר | נרות","NOUN","2134","",""
"caravan | קראוון","NOUN","2135","",""
"card | קלף | כרטיס","NOUN","2136","",""
"cardgame","NOUN","2137","",""
"case | מקרה","NOUN","2138","",""
"castle | fort | fortress | manor | palace | טירה","NOUN","2139","",""
"cave | cavern | opening | מערה","NOUN","2140","",""
"ceiling | תקרה","NOUN","2141","",""
"chair | כיסא | כסא | הכיסא | הכסא","NOUN","2142","",""
"cheese | גבינה | חלב","NOUN","2143","",""
"chest | תיבה | לתיבה | תיבת","NOUN","2144","",""
"chicken | עוף | תרנגול","NOUN","2145","",""
"civilization | ציוויליזציה | תרבות","NOUN","2146","",""
"claw | טפר | ציפורן | טפרים | ציפורניים","NOUN","2147","",""
"cloak | גלימה","NOUN","2148","",""
"cloth | בגד","NOUN","2149","",""
"cloud | ענן | עננה","NOUN","2150","",""
"coal | פחם","NOUN","2151","",""
"coffee | קפה","NOUN","2152","",""
"collar | צווארון","NOUN","2153","",""
"component | ingredient | רכיב | מרכיב | מרכיבים | רכיבים","NOUN","2154","",""
"contents | תוכן | תכולה","NOUN","2155","",""
"coot | ברווזון","NOUN","2156","",""
"cord | חוט","NOUN","2157","",""
"counter | דלפק | מונה","NOUN","2158","",""
"countercurse | נגד | נגדית","NOUN","2159","",""
"cover | כיסוי | עטיפה","NOUN","2160","",""
"crewcut","NOUN","2161","",""
"curse | קללה","NOUN | IMPERATIVE_VERB","2162","",""
"dagnabit | דגנביט","NOUN","2163","",""
"danger | סכנה | סיכון","NOUN","2164","",""
"dark | חשוך | אפל | אפלים","NOUN","2165","",""
"dart | חץ","NOUN","2166","",""
"date | תאריך | דייט","NOUN","2167","",""
"dawn | שחר | זריחה","NOUN","2168","",""
"day | יום | יממה","NOUN","2169","",""
"dazzle | סנוור | להדהים | לסנוור | סינוור","NOUN","2170","",""
"death | מוות","NOUN","2171","",""
"deck | סיפון | חפיסה","NOUN","2172","",""
"desk | שידה | בשידה","NOUN","2173","",""
"detect | לגלות | גילוי | זיהוי","NOUN","2174","",""
"dirt | לכלוך","NOUN","2175","",""
"dog | כלב","NOUN","2176","",""
"doily | מפית | דולי","NOUN","2177","",""
"door | doorway | בדלת | דלת | הדלת","NOUN","2178","",""
"drawer | מגירה","NOUN","2179","",""
"dress | שמלה","NOUN","2180","",""
"dusk | דמדומים","NOUN","2181","",""
"dust | אבק | אבקת | אבקה","NOUN","2182","",""
"ember | גחלת","NOUN","2183","",""
"end | סוף | סיום","NOUN | IMPERATIVE_VERB","2184","",""
"equipment | ציוד | מתקנים | לציוד","NOUN","2185","",""
"establishment | מוסד | הקמה","NOUN","2186","",""
"evening | ערב","NOUN","2187","",""
"eye | עין | עיניים","NOUN","2188","",""
"face | פנים | פרצוף","NOUN","2189","",""
"fall | נפילה | סתיו","NOUN | IMPERATIVE_VERB","2190","",""
"farm | חווה | משק","NOUN | IMPERATIVE_VERB","2191","",""
"fence | גדר | גדרות","NOUN | IMPERATIVE_VERB","2192","",""
"field | plot | שדה | שטח","NOUN","2193","",""
"fire | אש","NOUN","2194","",""
"flame | להבה","NOUN","2195","",""
"floor | רצפה","NOUN","2196","",""
"flour | קמח","NOUN","2197","",""
"flower | פרח | פרחים","NOUN","2198","",""
"food | מזון | אוכל","NOUN","2199","",""
"fortune","NOUN","2200","",""
"friend | חבר | ידיד","NOUN","2201","",""
"fur | פרווה | שערות","NOUN","2202","",""
"garden | גן","NOUN","2203","",""
"gargoyle | גרגול","NOUN","2204","",""
"gate | שער | השער","NOUN","2205","",""
"gem | jewel | jewelry | מרגלית","NOUN","2206","",""
"generosity | נדיבות","NOUN","2207","",""
"ghoul | undead | גול | מתים | אלמוות | אלמות | אלמת | אלמתים","NOUN","2208","",""
"giant | ענק","NOUN","2209","",""
"glove | כפפה","NOUN","2210","",""
"gold | זהב","NOUN","2211","",""
"grandmother | סבתא","NOUN","2212","",""
"greenery","NOUN","2213","",""
"grip | אחיזה","NOUN","2214","",""
"ground | קרקע","NOUN","2215","",""
"guard | soldier | חייל | שומר","NOUN","2216","",""
"club | group | guild | organization | union | מועדון | אגודה | ארגון | איגוד | האיגוד","NOUN","2217","",""
"hall | אולם | מסדרון | גילדה | היכל","NOUN","2218","",""
"hand | יד","NOUN","2219","",""
"handle | ידית | לטפל","NOUN","2220","",""
"harvest | קציר | יבול","NOUN","2221","",""
"hat | כובע","NOUN","2222","",""
"head | ראש","NOUN","2223","",""
"bobpa | bobpop","NOUN","2224","",""
"heart | לב","NOUN","2225","",""
"herb","NOUN","2226","",""
"heroism | גבורה","NOUN","2227","",""
"holder | מחזיק","NOUN","2228","",""
"chasm | hole | תהום | פער","NOUN","2229","",""
"honey | sugar | דבש | סוכר","NOUN","2230","",""
"hook | וו | קרס","NOUN","2231","",""
"horse | steed | סוס","NOUN","2232","",""
"house | בית","NOUN","2233","",""
"hunger | תיאבון","NOUN","2234","",""
"hut | shack | בקתה | צריף","NOUN","2235","",""
"initiate | initiation | התחלה | יזום | חניכה","IMPERATIVE_VERB | NOUN","2236","",""
"ink | דיו | צבע","NOUN","2237","",""
"inkwell | קסת","NOUN","2238","",""
"hotel | inn | restaurant | מלון | פונדק | מסעדה","NOUN","2239","",""
"instruction | הוראה | הנחיה","NOUN","2240","",""
"iron | ברזל | מגהץ","NOUN","2241","",""
"jail | כלא","NOUN","2242","",""
"bottle | flask | jar | בקבוק | צנצנת | בקבוקון","NOUN","2243","",""
"job | עבודה | משרה","NOUN","2244","",""
"joke | בדיחה | פתגם","NOUN","2245","",""
"junk","NOUN","2246","",""
"killing | הרג","NOUN","2247","",""
"kindness","NOUN","2248","",""
"kitchen | מטבח","NOUN","2249","",""
"lake | אגם | בריכה","NOUN","2250","",""
"lamb | כבש | טלה","NOUN","2251","",""
"lamp","NOUN","2252","",""
"land | אדמה | לאדמה","NOUN | IMPERATIVE_VERB","2253","",""
"leaf | עלה | עלים","NOUN","2254","",""
"lid | מכסה","NOUN","2255","",""
"life | חיים","NOUN","2256","",""
"lightning | ברק","NOUN","2257","",""
"line | קו | שורה","NOUN","2258","",""
"cheesecloth | linen | פשתן","NOUN","2259","",""
"lodging | לינה","NOUN","2260","",""
"log | בול","NOUN","2261","",""
"loss | אובדן | הפסד","NOUN","2262","",""
"luck | מזל","NOUN","2263","",""
"mana | קסום","NOUN","2264","",""
"mansion | אחוזה","NOUN","2265","",""
"mantle | שכמייה","NOUN","2266","",""
"meat | בשר","NOUN","2267","",""
"member","NOUN","2268","",""
"menu | תפריט","NOUN","2269","",""
"message | הודעה | מסר","NOUN","2270","",""
"metal | מתכת","NOUN","2271","",""
"midnight | חצות","NOUN","2272","",""
"mirror | מראה | משקף | מראת","NOUN","2273","",""
"moon | ירח","NOUN","2274","",""
"morning | בוקר","NOUN","2275","",""
"moss | טחב","NOUN","2276","",""
"mummy | מומיה","NOUN","2277","",""
"music | מוזיקה | לחן | נגינה","NOUN","2278","",""
"name | שם | כינוי | לשם","NOUN","2279","",""
"necklace | קולר","NOUN","2280","",""
"necromancer | נקרומנסר","NOUN","2281","",""
"needle | מחט | סיכה","NOUN","2282","",""
"night | לילה","NOUN","2283","",""
"nincompoop | טיפש","NOUN","2284","",""
"noon | צהריים","NOUN","2285","",""
"nose | אף | נחיר","NOUN","2286","",""
"nothing | כלום","NOUN","2287","",""
"office | משרד","NOUN","2288","",""
"grease | lotion | oil | unguent | קרם | משחה | במשחה | משחת","NOUN","2289","",""
"onklunk | אוקלנק","NOUN","2290","",""
"orchard | פרדס | מטע","NOUN","2291","",""
"page | דף","NOUN","2292","",""
"pair | זוג","NOUN","2293","",""
"pastime | שעשוע | תחביב","NOUN","2294","",""
"path | שביל | דרך","NOUN","2295","",""
"peace | שלום | שלווה | שלוות | מנוחת","NOUN","2296","",""
"peacock | טווס","NOUN","2297","",""
"peak | שיא","NOUN","2298","",""
"pearl | פנינה | פנינים","NOUN","2299","",""
"pen | עט","NOUN","2300","",""
"pig | חזיר | חזרזיר","NOUN","2301","",""
"pipe | צינור | משאבה | מקטרת","NOUN","2302","",""
"place | spot | מקום | אתר | מקומות","NOUN | IMPERATIVE_VERB","2303","",""
"plank | planking | קרש","NOUN","2304","",""
"plant | צמח | שתיל","NOUN","2305","",""
"plaster | טיח | פלסטר","NOUN","2306","",""
"plate | צלחת","NOUN","2307","",""
"pleasure | הנאה | תענוג","NOUN","2308","",""
"pocket | כיס | כיסון","NOUN","2309","",""
"pod | spirea | קפסולה","NOUN","2310","",""
"pole | מוט","NOUN","2311","",""
"politics | פוליטיקה | מדיניות","NOUN","2312","",""
"portrait | דיוקן","NOUN","2313","",""
"possession | רכוש | בעלות","NOUN","2314","",""
"post | פוסט","NOUN","2315","",""
"potion | שיקוי | מרקחת | שיקויים","NOUN","2316","",""
"power | כוח","NOUN","2317","",""
"prisoner | אסיר | שבוי | אסירים | שבויים","NOUN","2318","",""
"produce | תוצרת","NOUN","2319","",""
"protection | הגנה | שמירה","NOUN","2320","",""
"purse | ארנק | בארנק","NOUN","2321","",""
"quest | משימה | חיפוש | הרפתקאות | משימות","NOUN","2322","",""
"railing | מעקה","NOUN","2323","",""
"range | טווח | סדרה","NOUN","2324","",""
"reflection | השתקפות | רפלקציה","NOUN","2325","",""
"registration | רישום | הרשמה","NOUN","2326","",""
"result | תוצאה | פלט","NOUN","2327","",""
"reversal | הפיכה","NOUN","2328","",""
"rhyme | חרוז | שיר","NOUN","2329","",""
"river | נהר | פלג","NOUN","2330","",""
"road | כביש","NOUN","2331","",""
"robbery | שוד","NOUN","2332","",""
"rocker | רוקר | מנוף","NOUN","2333","",""
"roof | גג","NOUN","2334","",""
"rope | חבל | בחבל","NOUN","2335","",""
"rule | כלל | חוקה","NOUN","2336","",""
"safe | כספת | בכספת","NOUN","2337","",""
"sale | מכירה | הנחה","NOUN","2338","",""
"salt | מלח","NOUN","2339","",""
"sand | חול | חוף","NOUN","2340","",""
"coffin | sarcophagus | סרקופגוס","NOUN","2341","",""
"sauce | רוטב","NOUN","2342","",""
"sauerkraut | סאוורקראוט","NOUN","2343","",""
"scenery | תפאורה","NOUN","2344","",""
"schwertfisch","NOUN","2345","",""
"scissors | מספריים","NOUN","2346","",""
"scroll | מגילה | גלילה | מגילות","NOUN","2347","",""
"scrollwork | קישוטים","NOUN","2348","",""
"secret | סוד | חידוש","NOUN","2349","",""
"section | קטע | חלק","NOUN","2350","",""
"seed | spore | זרע | גרעין","NOUN","2351","",""
"servant | משרת | עבד","NOUN","2352","",""
"service | שירות | מסירה","NOUN","2353","",""
"shutter | תריס | סגר","NOUN","2354","",""
"sign | סימן | לחתום | חתום","NOUN | IMPERATIVE_VERB","2355","",""
"silk | משי | בד","NOUN","2356","",""
"silver | כסף","NOUN","2357","",""
"sir | גביר","NOUN","2358","",""
"skin | עור | קליפה","NOUN","2359","",""
"sky | שמיים | מרקיע","NOUN","2360","",""
"smoke | עשן","NOUN","2361","",""
"spell | לחש | לחשים | כישוף","NOUN","2362","",""
"spice | תבלין","NOUN","2363","",""
"spring | אביב | מעיין","NOUN","2364","",""
"stable | אסטבל | יציב","NOUN","2365","",""
"staircase | מדרגות","NOUN","2366","",""
"stamina | סיבולת","NOUN","2367","",""
"star | כוכב","NOUN","2368","",""
"starvation | רעב","NOUN","2369","",""
"steak | סטייק","NOUN","2370","",""
"soup | stew | מרק | תבשיל","NOUN","2371","",""
"stick | מקל","NOUN","2372","",""
"storage | אחסון | מחסן","NOUN","2373","",""
"fable | story | tale | אגדה | סיפור","NOUN","2374","",""
"stove | כיריים","NOUN","2375","",""
"street | רחוב","NOUN","2376","",""
"string | wire | מחרוזת","NOUN","2377","",""
"stuff | חפצים | דברים","NOUN | IMPERATIVE_VERB","2378","",""
"summer | קיץ","NOUN","2379","",""
"supply | אספקה","NOUN","2380","",""
"sun | שמש","NOUN","2381","",""
"surface | משטח","NOUN","2382","",""
"sweat | זיעה | מאמץ | זיעת","NOUN","2383","",""
"swordfish | שוורטפיש","NOUN","2384","",""
"table | שולחן | טבלה | השולחן","NOUN","2385","",""
"tangle | סבך | קשר","NOUN","2386","",""
"tapestry | קישוט","NOUN","2387","",""
"tattoo | קעקוע","NOUN","2388","",""
"tavern | טברנה | פאב","NOUN","2389","",""
"tea | תה","NOUN","2390","",""
"teacup","NOUN","2391","",""
"stealing | theft | גניבה | חטיפה","NOUN","2392","",""
"thirst | צמא","NOUN","2393","",""
"time | זמן","NOUN","2394","",""
"implement | tool | כלי | מכשיר | מכשירים | כלים","NOUN","2395","",""
"tourist | תייר | מבקר | תיירים","NOUN","2396","",""
"toy | צעצוע","NOUN","2397","",""
"trash | פסולת","NOUN","2398","",""
"tree | עץ","NOUN","2399","",""
"trigger | טריגר | מפעיל","NOUN","2400","",""
"trophy | גביע","NOUN","2401","",""
"trouble | בעיה | צרה","NOUN","2402","",""
"trout | פורל","NOUN","2403","",""
"trunk | גזע","NOUN","2404","",""
"turban | טורבן","NOUN","2405","",""
"clem | clemmy","NOUN","2406","",""
"user | משתמש | יוזר","NOUN","2407","",""
"valley | עמק | בקעה","NOUN","2408","",""
"valuable | יקר","NOUN","2409","",""
"vampire | ערפד","NOUN","2410","",""
"vase | אגרטל","NOUN","2411","",""
"vein | וריד","NOUN","2412","",""
"vigor | עוז | מרץ","NOUN","2413","",""
"voice | קול | דיבור","NOUN","2414","",""
"wall | קיר | חומה","NOUN","2415","",""
"water | מים | נוזל","NOUN","2416","",""
"waterskin","NOUN","2417","",""
"weapon | נשק","NOUN","2418","",""
"wheel | גלגל | מכונה","NOUN","2419","",""
"window | חלון","NOUN","2420","",""
"wine | יין","NOUN","2421","",""
"winter | חורף","NOUN","2422","",""
"word | מילה | ביטוי","NOUN","2423","",""
"world | עולם","NOUN","2424","",""
"zap | זאפ | זץ","NOUN","2425","",""
"zombie | זומבי | מתהלך","NOUN","2426","",""
"42","NOUN","2427","",""
"dagger | knife | סכין | פגיון","NOUN","2428","",""
"lantern | פנס","NOUN","2429","",""
"leather","NOUN","2430","",""
"magic | קסם","NOUN","2431","",""
"ration | מנות | מנת","NOUN","2432","",""
"shield | מגן","NOUN","2433","",""
"torch | לפיד | להאיר","NOUN | IMPERATIVE_VERB","2434","",""
"wand | שרביט | מטה","NOUN","2435","",""
"armor | barding | שריון | שיריון","NOUN","2436","",""
"chainmail | mail | suit | מיגון","NOUN","2437","",""
"backpack | knapsack | pack | תרמיל","NOUN","2438","",""
"blade | broadsword | sword | להב","NOUN","2439","",""
"advice | tip | עצה | המלצה","NOUN","2440","",""
"ball | sphere | כדור","NOUN","2441","",""
"bandana | kerchief | מטפחת","NOUN","2442","",""
"barrel | cask | keg | חבית","NOUN","2443","",""
"beam | timber | קורה","NOUN","2444","",""
"beet | cabbage | cherry | corn | fig | grape | lettuce | onion | orange | peach | pear | tomato | סלק | כרוב | דובדבן | תירס | תאנה | ענב | חסה | בצל | תפוז | אפרסק | אגס | עגבנייה","NOUN","2445","",""
"ale | beer | בירה","NOUN","2446","",""
"book | novel | ספר | בספר | יומן | ביומן","NOUN","2447","",""
"bookcase | bookshelf","NOUN","2448","",""
"boob | booby | breast | jug | knocker | tit | titty","NOUN","2449","",""
"bowl | dish | קערה","NOUN","2450","",""
"brick | stone | לבנה | לבנים","NOUN","2451","",""
"bush | foilage | shrub | shrubbery | undergrowth | שיח | עלווה | יערה | צמחייה","NOUN","2452","",""
"ass | asshole | butt","NOUN","2453","",""
"birdcage | cage | כלוב | סוגר | בכלוב","NOUN","2454","",""
"chain | shackle | שרשרת | שרשראות | שרשרות | בשרשרת","NOUN","2455","",""
"awning | canopy | סוכך | חופה | מרקיזה","NOUN","2456","",""
"cart | wagon | עגלה | קרון","NOUN","2457","",""
"boss | chief | בוס | מפקד","NOUN","2458","",""
"cliff | hillside | צוק | מדרון","NOUN","2459","",""
"clothes | clothing | garment | בגדים | לבוש","NOUN","2460","",""
"cock | dick | dork | hardon | penis | phallus | schlong","NOUN","2461","",""
"cocksucker | motherfucker | ממזר | מקלל","NOUN","2462","",""
"couch | sofa | ספה | כורסה | בספה | הספה","NOUN","2463","",""
"daggerboard | dartboard","NOUN","2464","",""
"feather | quill | נוצה | קולמוס","NOUN","2465","",""
"fenrus | mouse | rat | פנרוס | עכבר | חולדה","NOUN","2466","",""
"due | fee | חוב | עמלה","NOUN","2467","",""
"fireball | firedart | flamedart","NOUN","2468","",""
"chimney | fireplace | hearth | ארובה | אח | קמין","NOUN","2469","",""
"feet | foot | paw | רגליים | כף","NOUN","2470","",""
"forest | wood | יער | חורש","NOUN","2471","",""
"apple | fruit | תפוח | פרי | פירות | תפוחים","NOUN","2472","",""
"ghost | spirit | spook | רוח | פנטום | רוחות","NOUN","2473","",""
"cup | glass | כוס | זכוכית","NOUN","2474","",""
"drygoods | goods | יבשים | סחורה | מוצרים","NOUN","2475","",""
"grate | grill | גריל","NOUN","2476","",""
"home | homeland | מולדת","NOUN","2477","",""
"kit | toolkit | ערכה | ערכת","NOUN","2478","",""
"grass | lawn | דשא | מדשאה | עשב","NOUN","2479","",""
"levitate | levitation | לרחף | ריחוף | רחף","IMPERATIVE_VERB | NOUN","2480","",""
"certificate | id | license | תעודה | רישיון | רשיון","NOUN","2481","",""
"alm | cash | coin | money | נדבה | מזומן | מטבע | מטבעות","NOUN","2482","",""
"breakfast | dinner | meal | supper | ארוחה | סעודה","NOUN","2483","",""
"dinnertime | mealtime | suppertime","NOUN","2484","",""
"mark | scratch | writing | שריטה | סימנים | חריטות","NOUN","2485","",""
"market | mart | שוק | מרכול | יריד","NOUN","2486","",""
"clearing | grove | meadow | חורשה | אחו","NOUN","2487","",""
"hill | mountain | גבעה | הר | הרים | גבעות","NOUN","2488","",""
"mushroom | פטריה | פטרייה | פטריות","NOUN","2489","",""
"note | paper | פתק | הערה | נייר","NOUN","2490","",""
"item | object | thing | פריט | אובייקט | דבר","NOUN","2491","",""
"odor | smell | ריח | להריח","IMPERATIVE_VERB | NOUN","2492","",""
"foyer | parlor | מבואה | סלון | טרקלין","NOUN","2493","",""
"pentacle | pentagram | פנטגרם","NOUN","2494","",""
"painting | picture | ציור | תמונה","NOUN","2495","",""
"birch | cedar | pine | pinewood | ליבנה | ארז | אורן","NOUN","2496","",""
"airplane | plane | מטוס | מישור | כנף","NOUN","2497","",""
"pan | pot | מחבת | סיר","NOUN","2498","",""
"cost | price | עלות | מחיר | הוצאה","NOUN","2499","",""
"cunt | pussy | twat | vagina","NOUN","2500","",""
"boulder | rock | סלע | אבן | אבנים | סלעים | הסלע | האבן | בסלע","NOUN","2501","",""
"carpet | carpeting | rug | שטיח | שטיחים | מרבד","NOUN","2502","",""
"rune | symbol | רונה | סמל | סמלים","NOUN","2503","",""
"fink | nonunion | scab | מלשן | שביתה","NOUN","2504","",""
"schwertfish | shwertfisch | shwertfish | swertfish","NOUN","2505","",""
"offseason | season | עונה | תקופה","NOUN","2506","",""
"desert | shapeir | מדבר | שפיר | שאפיר","NOUN","2507","",""
"shelf | shelves | מדף | מדפים | רף","NOUN","2508","",""
"goo | goop | ooze | slime | רפש | בוץ | סליים","NOUN","2509","",""
"ice | snow | קרח | שלג | גלידה","NOUN","2510","",""
"spy | traitor | מרגל | בוגד | סוכן","NOUN","2511","",""
"hamlet | spielburg | town | כפר | שפילבורג | שפילברג | עיירה | עיר","NOUN","2512","",""
"ladder | stair | סולם | בסולם","NOUN","2513","",""
"barstool | stool | שרפרף","NOUN","2514","",""
"shop | store | חנות","NOUN","2515","",""
"trap | trapdoor | מלכודת | מארב","NOUN","2516","",""
"carrot | parsnip | potato | rutabaga | vegetable | veggie | גזר | פטרוזיליה | לפת | ירק | ירקות","NOUN","2517","",""
"loot | profit | riches | treasure | wealth | שלל | רווח | עושר | אוצר | הון | שפע","NOUN","2518","",""
"bourbon | gin | rum | scotch | vodka | whiskey | בורבון | ג'ין | רום | סקוץ' | וודקה | ויסקי","NOUN","2519","",""
"shed | workshop | סככה | סדנה","NOUN","2520","",""
"yo | yoyo | יו | יויו","NOUN","2521","",""
"ambush | לארוב | מארבים","NOUN | IMPERATIVE_VERB","2522","",""
"fish | דג | לדוג | דגים","NOUN | IMPERATIVE_VERB","2523","",""
"giggle | גיחוך | לגחך | צחקוק","NOUN | IMPERATIVE_VERB","2524","",""
"love | אהבה | לאהוב | חיבה","NOUN | IMPERATIVE_VERB","2525","",""
"mug | ספל | ספלון","NOUN | IMPERATIVE_VERB","2526","",""
"plague | מגיפה | נגע | לייסר","NOUN | IMPERATIVE_VERB","2527","",""
"shadow | צל | צללית | להצל","NOUN | IMPERATIVE_VERB","2528","",""
"spill | stain | לשפוך | כתם | לכתים","NOUN | IMPERATIVE_VERB","2529","",""
"stall | לתקוע","NOUN | IMPERATIVE_VERB","2530","",""
"steam | אדים | לאדות | קיטור","NOUN | IMPERATIVE_VERB","2531","",""
"step | לדרוך","NOUN | IMPERATIVE_VERB","2532","",""
"labor | work | לעבוד | יגיעה","NOUN | IMPERATIVE_VERB","2533","",""
"yawn | פיהוק | לפהק | נים","NOUN | IMPERATIVE_VERB","2534","",""
"well | ובכן | באר | היטב","ADJECTIVE | NOUN","2535","",""
"hoe | rake | מעדר | מגרפה | לגרף","NOUN","2536","",""
"heinrich | pferdefedern | היינריך","NOUN","2537","",""
"intervention | התערבות | התערבויות | גישור","NOUN","2538","",""
"crop | לגזום | חיתוך","NOUN","2539","",""
"stalactite | נטיף","NOUN","2540","",""
"stalagmite | זקיף","NOUN","2541","",""
"formation | תצורה | יצירה","NOUN","2542","",""
"entrance | כניסה | מבוא","NOUN","2543","",""
"animal | חיה","NOUN","2544","",""
"manacle | אזיק | כבול | כבילה","NOUN","2545","",""
"kobold | קובולד | גמדון | שדון | מכשף","NOUN","2546","",""
"bear | הדוב | דוב | לדוב","NOUN","2547","",""
"leg | רגל | שלב","NOUN","2548","",""
"fungus | עובש","NOUN","2549","",""
"toadstool","NOUN","2550","",""
"stealth | התגנבות | חשאיות | התחמקות","NOUN","2551","",""
"key | מפתח | פתרון","NOUN","2552","",""
"mandrake | דודאים | מנדרגורה | דודא | מנדרייק","NOUN","2553","",""
"root | שורש | בסיס | מקור","NOUN","2554","",""
"candelabra | חנוכיה | קנדלברה | מנורת | הקנים | קנים | מנורה","NOUN","2555","",""
"candlestick | פמוט | הפמוט | פמוטים | הפמוטים","NOUN","2556","",""
"cemetery | graveyard | קברות","NOUN","2557","",""
"epitaph | הקדשה","NOUN","2558","",""
"grave | tomb | קבר","NOUN","2559","",""
"gravestone | tombstone | מצבה","NOUN","2560","",""
"marker | סמן | סימון | ציון","NOUN","2561","",""
"farming | חקלאות | גידולים","NOUN","2562","",""
"weather | אקלים | מזג","NOUN","2563","",""
"broom | מטאטא | לטאטא","NOUN","2564","",""
"skull | גולגולת | גולגולות","NOUN","2565","",""
"ogress | עוגית | מפלצתית | עוגרס","NOUN","2566","",""
"spider | עכביש | אראכניד","NOUN","2567","",""
"bat | עטלף | מחבט","NOUN","2568","",""
"caldron | cauldron | kettle | קלחת | קדרה | קומקום","NOUN","2569","",""
"area | scene | אזור | סצנה","NOUN","2570","",""
"meep | מיפ | מיפים","NOUN","2571","",""
"fox | שועל | השועל | שועלה | ערמומי","NOUN","2572","",""
"carving | גילוף | פיסול | גילופים","NOUN","2573","",""
"idiot | jerk | numbskull | אידיוט | מטומטם | טמבל","NOUN","2574","",""
"rain | גשם | גשמים","NOUN | IMPERATIVE_VERB","2575","",""
"acorn | בלוט","NOUN","2576","",""
"dryad | דריאדה | נימפה | דריאדות","NOUN","2577","",""
"nut | אגוז","NOUN","2578","",""
"buck | deer | stag | צבי | אייל","NOUN","2579","",""
"cabinet | cupboard | ארון | ארונית | מזנון","NOUN","2580","",""
"sid | sidney | סיד | סידני","NOUN","2581","",""
"blanket | שמיכה | עטוף","NOUN","2582","",""
"web | רשת","NOUN","2583","",""
"portcullis | סורג","NOUN","2584","",""
"hey | היי | אהלן | הלו","NOUN","2585","",""
"gatehouse","NOUN","2586","",""
"baroness | ברונית | אצילה","NOUN","2587","",""
"prize | reward | פרס | גמול | תגמול","NOUN","2588","",""
"misfortune | mishap | tragedy | פורענות | תקלה | טרגדיה","NOUN","2589","",""
"tower | turret | מגדל | צריח | מגדלון","NOUN","2590","",""
"bruno | ברונו","NOUN","2591","",""
"brutus | ברוטוס","NOUN","2592","",""
"goblin | גובלין | גובלינים","NOUN","2593","",""
"gatekeeper | שוער","NOUN","2594","",""
"glimmer | glint | shine | sparkle | נצנוץ | ניצוץ","IMPERATIVE_VERB | NOUN","2595","",""
"lizard | pterosaur | לטאה | פטרנוזאור | זוחל","NOUN","2596","",""
"nest | קן | לקנן | קינון | בקן","NOUN","2597","",""
"crossroad | צומת | מפגש","NOUN","2598","",""
"brauggi | ברוגי | בראוגי","NOUN","2599","",""
"jotunheim | northland | צפון","NOUN","2600","",""
"mead","NOUN","2601","",""
"horn | קרן | צופר | שופר","NOUN","2602","",""
"fighter | warrior | לוחם | לוחמת","NOUN","2603","",""
"ax | axe | גרזן | קורנס","NOUN","2604","",""
"healer | מרפא | מרפאה","NOUN","2605","",""
"baby | תינוק | תינוקת","ADJECTIVE | NOUN","2606","",""
"branch | limb | ענף | איבר","NOUN","2607","",""
"curtain | וילון | מסך | וילונות","NOUN","2608","",""
"barrack | מחנה | קסרן","NOUN","2609","",""
"consent | permission | הסכמה | רשות | אישור","NOUN","2610","",""
"moustache | mustache | שפם | שפמים","NOUN","2611","",""
"stablekeeper | stableman | אורוותן | סייס","NOUN","2612","",""
"courtyard | yard | חצר","NOUN","2613","",""
"corral | מכלאה | לגדר","NOUN","2614","",""
"parapet | rampart | סוללה","NOUN","2615","",""
"flagstone | pavement | paving | מרצפת | ריצוף","NOUN","2616","",""
"core | ליבה","NOUN","2617","",""
"ring | טבעת | לצלצל | צלצול","NOUN | IMPERATIVE_VERB","2618","",""
"crest | עיטור","NOUN","2619","",""
"design | עיצוב | תכנון | דגם","NOUN","2620","",""
"arm | זרוע | חימוש","NOUN","2621","",""
"coat | מעיל | ציפוי","ADJECTIVE | NOUN","2622","",""
"bench | ספסל","NOUN","2623","",""
"pit | בור | גומה | מכרה","NOUN","2624","",""
"cascade | waterfall | מפל | מפלים","NOUN","2625","",""
"lesson | שיעור | לקח | הדרכה","NOUN","2626","",""
"strength | חוזק | עוצמה","NOUN","2627","",""
"agility | זריזות | גמישות","NOUN","2628","",""
"skill | מיומנות | כישרון | יכולת","NOUN","2629","",""
"prediction | prophecy | prophesy | נבואה | חיזוי","NOUN","2630","",""
"archer | bowman | קשת | קשתים","NOUN","2631","",""
"goseke | גוסקה | בוהים","NOUN","2632","",""
"fred | פרד","NOUN","2633","",""
"nib | ניב","NOUN","2634","",""
"target | מטרה","NOUN","2635","",""
"arrow","NOUN","2636","",""
"swordsman | חרש","NOUN","2637","",""
"ledge | קצה | סף","NOUN","2638","",""
"top | פסגה | עליון","NOUN","2639","",""
"canyon | קניון | ערוץ","NOUN","2640","",""
"splash | רסס | פזירה","NOUN | IMPERATIVE_VERB","2641","",""
"ripple | גלים | רשרוש","NOUN","2642","",""
"side | צד | צלע","NOUN","2643","",""
"ermit | hermit | נזיר | נזירים","NOUN","2644","",""
"hay | straw | חציר","NOUN","2645","",""
"cot","NOUN","2646","",""
"bell | פעמון | בפעמון","NOUN","2647","",""
"cribbage | קריבג'","NOUN","2648","",""
"aardvark | חפרפרת","NOUN","2649","",""
"mantray | מנטרה","NOUN","2650","",""
"rex | wreck | רקס","NOUN","2651","",""
"enry | henry | הנרי","NOUN","2652","",""
"arry | harry | הארי","NOUN","2653","",""
"hortense | ortense | הורטנס","NOUN","2654","",""
"mama | mother | murther | אמא","NOUN","2655","",""
"farther | אב","NOUN","2656","",""
"family | משפחה","NOUN","2657","",""
"monster | מפלצת | מפלצות | מיפלצות","NOUN","2658","",""
"karl | קארל","NOUN","2659","",""
"cow | פרה","NOUN","2660","",""
"musicbox","NOUN","2661","",""
"material | חומר","NOUN","2662","",""
"jack | ג'ק","NOUN","2663","",""
"bridge | גשר","NOUN","2664","",""
"collection | heap | pile | ערמה | בערמה","NOUN","2665","",""
"bone | עצם","NOUN","2666","",""
"flock | geese | עדר","NOUN","2667","",""
"periscope | פריסקופ","NOUN","2668","",""
"submarine | צוללת","NOUN","2669","",""
"enemy | opponent | אויב","NOUN","2670","",""
"hair | שיער","NOUN","2671","",""
"keyhole | צלינדר","NOUN","2672","",""
"whirl | סחרור","NOUN | IMPERATIVE_VERB","2673","",""
"teapot","NOUN","2674","",""
"egg | ביצה","NOUN","2675","",""
"pepper | פלפל","NOUN","2676","",""
"daughter | בת","NOUN","2677","",""
"dot | נקודה","NOUN","2678","",""
"polka | פולקה","NOUN","2679","",""
"globe | גלובוס","NOUN","2680","",""
"button | כפתור","NOUN","2681","",""
"technocery | טכנוסריה","NOUN","2682","",""
"institute | מכון","NOUN","2683","",""
"powder","NOUN","2684","",""
"trick | תעלול","NOUN","2685","",""
"peer | עמית","NOUN","2686","",""
"banana | בננה","NOUN","2687","",""
"jester | ליצן","NOUN","2688","",""
"maze | מבוך","NOUN","2689","",""
"leer","NOUN","2690","",""
"toro | טורו","NOUN","2691","",""
"swordy | חרבותי","NOUN","2692","",""
"lordy | אדוני","NOUN","2693","",""
"braggart | מתגאה","NOUN","2694","",""
"rapier | רפייר","NOUN","2695","",""
"ruler | שליט","NOUN","2696","",""
"windbag","NOUN","2697","",""
"enchantment","NOUN","2698","",""
"disenchantment | אכזבה","NOUN","2699","",""
"master | אדון","NOUN","2700","",""
"lord","NOUN","2701","",""
"chaff | radar | tinsel | קש","NOUN","2702","",""
"necromancy | sorcery | נקרומנסיה","NOUN","2703","",""
"facelift","NOUN","2704","",""
"occult | אוקולט","NOUN","2705","",""
"crystal | קריסטל","NOUN","2706","",""
"oven | toaster | תנור | טוסטר","NOUN","2707","",""
"electricity | חשמל","NOUN","2708","",""
"frog | toad | צפרדע | קרפדה","NOUN","2709","",""
"jerky | manta","NOUN","2710","",""
"accoutrement | apparatus | paraphernalia | מתקן | פרפנליה","NOUN","2711","",""
"peep | הצצה","NOUN","2712","",""
"bug | חרק","NOUN","2713","",""
"scorpion | עקרב","NOUN","2714","",""
"tantrum","NOUN","2715","",""
"passage","NOUN","2716","",""
"finger | אצבע","NOUN","2717","",""
"pattern | דפוס","NOUN","2718","",""
"vine | גפן","NOUN","2719","",""
"weed","NOUN","2720","",""
"password | סיסמה | סיסמא | סיסמת | ססמת","NOUN","2721","",""
"familiar | מכר | לוויה","NOUN","2722","",""
"companion","NOUN","2723","",""
"lair | מאורה","NOUN","2724","",""
"spear | חנית","NOUN","2725","",""
"robe","NOUN","2726","",""
"bin | פח","NOUN","2727","",""
"icicle | קרחון","NOUN","2728","",""
"destiny | fate | גורל","NOUN","2729","",""
"journey | trip | מסע","NOUN","2730","",""
"notice | poster | פוסטר","NOUN","2731","",""
"firefly | גחלילית","NOUN","2732","",""
"falcon | נץ","NOUN","2733","",""
"statue | פסל","NOUN","2734","",""
"healing | ריפוי | בריאות","NOUN","2735","",""
"flail | morningstar | מגל","NOUN","2736","",""
"tail | זנב","NOUN","2737","",""
"info | information | מידע","NOUN","2738","",""
"lockpick | pick | פריצה | לפרוץ","IMPERATIVE_VERB | NOUN","2739","",""
"razzle | רזלה","NOUN","2740","",""
"wife","NOUN","2741","",""
"husband","NOUN","2742","",""
"mate | spouse","NOUN","2743","",""
"boy | ילד","NOUN","2744","",""
"crack | סדק","NOUN | IMPERATIVE_VERB","2745","",""
"odds | סיכויים","NOUN","2746","",""
"ends | קצוות","NOUN","2747","",""
"0 | o | zero | אפס","NOUN","4000","",""
"1 | one | אחד","NOUN","4001","",""
"2 | two | שניים | שתי | שני","NOUN","4002","",""
"3 | three | שלושה","NOUN","4003","",""
"4 | four | ארבעה","NOUN","4004","",""
"5 | five | חמישה","NOUN","4005","",""
"6 | six | שישה","NOUN","4006","",""
"7 | seven | שבעה","NOUN","4007","",""
"8 | eight | שמונה","NOUN","4008","",""
"9 | nine | תשעה","NOUN","4009","",""
"10 | ten | עשרה | עשר","NOUN","4010","",""
"11 | eleven","NOUN","4011","",""
"12 | twelve","NOUN","4012","",""
"13 | thirteen","NOUN","4013","",""
"14 | forteen | fourteen | fourtee","NOUN","4014","",""
"15 | fifteen","NOUN","4015","",""
"16 | sixteen","NOUN","4016","",""
"17 | seventeen","NOUN","4017","",""
"18 | eighteen","NOUN","4018","",""
"19 | nineteen | ninteen","NOUN","4019","",""
"20 | twenty | עשרים","NOUN","4020","",""
"30 | thirty | שלושים","NOUN","4021","",""
"40 | forty | ארבעים","NOUN","4022","",""
"50 | fifty | חמישים","NOUN","4023","",""
"60 | sixty | שישים","NOUN","4024","",""
"70 | seventy | שבעים","NOUN","4025","",""
"80 | eighty | שמונים","NOUN","4026","",""
"90 | ninety | תשעים","NOUN","4027","",""
"100 | hundred | מאה","NOUN","4028","",""
"1000 | thousand | אלף","NOUN","4029","",""
"1000000 | million | מיליון","NOUN","4030","",""
"unknownnumber","NOUN","4093","",""
"!* | noword","","4094","",""
"* | any | anyword | קסמים","CONJUNCTION | PREPOSITION | ARTICLE | ADJECTIVE | PRONOUN | NOUN | INDICATIVE_VERB | ADVERB | IMPERATIVE_VERB","4095","",""
